initiative_id,name,dimension,impact,effort,duration_months,phase,description
I01,制定AI战略白皮书,战略与愿景,4,2,3,基础期,明确AI愿景、目标和KPI，获得高管共识
I02,成立AI卓越中心(CoE),战略与愿景,5,3,4,基础期,建立跨职能AI团队，统筹全公司AI推进
I03,数据质量治理项目,数据基础,5,4,6,基础期,建立数据质量标准和清洗流程
I04,搭建数据中台,数据基础,4,5,9,建设期,统一数据资产管理，打破数据孤岛
I05,部署MLOps平台,技术能力,4,4,6,建设期,实现模型开发、部署、监控的全流程自动化
I06,云基础设施升级,技术能力,3,5,8,基础期,提供AI所需的弹性计算和存储能力
I07,AI人才引进计划,人才与组织,4,3,4,基础期,招募数据科学家、ML工程师等核心人才
I08,全员AI素养培训,人才与组织,3,2,3,建设期,分层次开展AI认知、工具使用、场景创新培训
I09,建立AI治理框架,治理与伦理,4,3,4,建设期,制定AI使用规范、审核流程和责任机制
I10,AI风险评估体系,治理与伦理,3,3,3,优化期,建立AI模型风险的识别、评估和缓解机制
I11,数据驱动文化变革,文化与创新,3,4,8,建设期,推动决策从经验驱动转向数据驱动
I12,AI创新孵化器,文化与创新,4,3,5,优化期,设立内部创新基金和快速实验机制
I13,AI场景快速验证,战略与愿景,4,2,2,基础期,选择3-5个高价值场景进行POC验证
I14,数据开放与共享机制,数据基础,3,3,4,建设期,建立内部数据共享目录和API标准
I15,AI伦理审查委员会,治理与伦理,3,2,3,优化期,组建跨部门伦理审查团队，定期审核AI应用
